condition,tiny,small,medium,large,avg_links
no_coord,0.0,0.0,0.0,0.0,0.0
proximity,57.4,70.8,97.4,110.6,37.235
tsg,51.4,67.2,87.2,97.4,4.9349375
morph_v1,52.8,62.8,89.0,103.0,32.697
morph_v2_no_bcm,56.4,61.4,89.8,105.6,33.8596875
morph_v2_no_reward,52.6,62.6,87.4,104.0,32.2996875
morph_v2_no_neuro,53.4,65.2,88.6,105.8,34.314375
morph_v2,57.4,66.8,88.0,105.8,40.6393125
full,53.6,61.6,86.2,97.8,130.75
