condition,tiny,small,medium,large,avg_links
no_coord,0.0,0.0,0.0,0.0,0.0
proximity,28.2,32.8,48.0,55.4,29.508625000000002
tsg,28.0,35.2,43.6,52.0,4.897125000000001
morph_v1,28.2,32.0,44.8,53.2,30.80075
morph_v2_no_bcm,28.4,31.4,44.4,53.2,31.661
morph_v2_no_reward,28.2,34.0,45.4,53.0,30.618625
morph_v2_no_neuro,28.8,33.4,44.8,53.2,31.480375
morph_v2,28.2,33.2,45.8,53.6,36.81875
full,28.6,31.6,44.8,50.0,130.75
