condition,tiny,small,medium,large,avg_links
proximity,113.5,165.25,207.45,260.6,40.979749999999996
tsg,116.25,157.1,198.15,246.0,4.99081875
morph_v1,117.7,153.55,213.1,242.05,33.1801125
morph_v2_no_bcm,121.9,147.8,200.15,239.1,34.85240625
morph_v2_no_reward,121.65,150.55,204.45,246.0,32.882099999999994
morph_v2_no_neuro,122.5,160.05,207.05,236.4,34.90432499999999
morph_v2,115.1,153.2,201.45,244.1,41.08738125
full,123.1,154.85,201.4,246.2,130.75
